epoch,time,train/box_loss,train/pose_loss,train/kobj_loss,train/cls_loss,train/dfl_loss,metrics/precision(B),metrics/recall(B),metrics/mAP50(B),metrics/mAP50-95(B),metrics/precision(P),metrics/recall(P),metrics/mAP50(P),metrics/mAP50-95(P),val/box_loss,val/pose_loss,val/kobj_loss,val/cls_loss,val/dfl_loss,lr/pg0,lr/pg1,lr/pg2
1,48.5274,0.93555,5.43588,0.70419,0.76406,1.3057,0.74137,0.85185,0.86488,0.59342,0.251,0.55556,0.28105,0.08444,1.0159,6.56321,0.64115,0.91622,1.57215,0.00065641,0.00065641,0.00065641
2,67.9641,0.85792,3.59822,0.65762,0.62575,1.21073,0.85519,0.92593,0.96501,0.69513,0.51338,0.62963,0.44361,0.11883,0.9932,4.42193,0.3852,1.06924,1.77409,0.00130125,0.00130125,0.00130125
3,88.2765,0.91585,2.44601,0.60816,0.67339,1.24188,0.75621,1,0.90163,0.69839,0.41734,0.55713,0.34841,0.18832,0.88616,4.48044,0.25436,1.28936,1.44497,0.00192408,0.00192408,0.00192408
4,107.228,0.92703,2.0286,0.58414,0.6805,1.25754,0.82102,0.85185,0.93366,0.69757,0.66625,0.7037,0.67685,0.37199,0.91744,3.10623,0.29743,1.30658,1.45468,0.001901,0.001901,0.001901
5,127.004,0.85373,1.75635,0.54435,0.63298,1.21329,0.9812,0.96296,0.98689,0.81079,0.66178,0.74074,0.7095,0.49468,0.72761,2.62386,0.30935,0.72514,1.22941,0.001868,0.001868,0.001868
6,145.686,0.83936,1.4745,0.50837,0.61562,1.19986,0.9261,1,0.96607,0.78845,0.85662,0.92593,0.86996,0.50845,0.74395,1.7675,0.33607,0.88478,1.2339,0.001835,0.001835,0.001835
7,165.534,0.79905,1.33012,0.4826,0.57171,1.17806,0.89831,0.98183,0.9812,0.69461,0.89831,0.98183,0.9812,0.76683,0.91057,1.67527,0.22804,0.64049,1.35129,0.001802,0.001802,0.001802
8,184.386,0.7658,1.21763,0.43978,0.56308,1.16083,0.96357,0.96296,0.99393,0.8296,0.96357,0.96296,0.99393,0.65461,0.6414,1.38004,0.33364,0.57023,1.09358,0.001769,0.001769,0.001769
9,202.555,0.73957,1.17392,0.42452,0.54315,1.14043,0.98024,1,0.995,0.80985,0.92034,0.92593,0.94408,0.80277,0.6749,1.00043,0.24117,0.52629,1.14091,0.001736,0.001736,0.001736
10,222.395,0.76963,1.10524,0.40644,0.55416,1.15523,0.94338,0.96296,0.98385,0.82121,0.75532,0.77778,0.75144,0.62496,0.66744,2.15685,0.39743,0.63217,1.10123,0.001703,0.001703,0.001703
11,240.839,0.72461,1.03184,0.3791,0.5149,1.1345,1,0.95117,0.99293,0.84367,1,0.95117,0.99293,0.8066,0.6767,0.85473,0.23905,0.57933,1.13101,0.00167,0.00167,0.00167
12,259.986,0.71079,1.03575,0.38804,0.50461,1.11709,0.95545,0.96296,0.99293,0.86427,0.95545,0.96296,0.99293,0.85864,0.58863,0.69918,0.2667,0.48299,1.02945,0.001637,0.001637,0.001637
13,278.58,0.68447,0.91017,0.35992,0.50678,1.10315,0.99588,1,0.995,0.84125,0.92162,0.92593,0.92997,0.7594,0.63526,1.45917,0.355,0.44344,1.0641,0.001604,0.001604,0.001604
14,296.682,0.69282,0.86668,0.34395,0.49804,1.1226,1,0.99197,0.995,0.82699,1,0.99197,0.995,0.78457,0.62325,0.67116,0.23565,0.44594,1.09331,0.001571,0.001571,0.001571
15,315.936,0.69453,0.81629,0.32949,0.48178,1.10893,1,0.99846,0.995,0.88937,1,0.99846,0.995,0.81855,0.54848,1.34485,0.4204,0.39617,0.99553,0.001538,0.001538,0.001538
16,334.286,0.66697,0.83163,0.33326,0.47082,1.09684,0.99518,1,0.995,0.84933,0.96314,0.96796,0.99393,0.79007,0.54352,0.76117,0.17554,0.38567,1.03559,0.001505,0.001505,0.001505
17,352.42,0.63489,0.75955,0.32079,0.44083,1.08265,0.99638,1,0.995,0.9251,0.99638,1,0.995,0.88162,0.47293,0.68243,0.37701,0.34275,0.95296,0.001472,0.001472,0.001472
18,371.912,0.60564,0.74585,0.30741,0.43071,1.0552,0.99756,1,0.995,0.91633,0.99756,1,0.995,0.8616,0.48987,0.64135,0.26249,0.36248,0.97564,0.001439,0.001439,0.001439
19,389.891,0.60652,0.70549,0.29065,0.4342,1.07365,0.99709,1,0.995,0.90403,0.99709,1,0.995,0.88704,0.49196,0.5228,0.18885,0.33086,0.95527,0.001406,0.001406,0.001406
20,409.708,0.59421,0.6714,0.28288,0.41696,1.05068,0.99664,1,0.995,0.89539,0.99664,1,0.995,0.88254,0.43556,0.46416,0.19401,0.37818,0.90829,0.001373,0.001373,0.001373
21,427.889,0.59176,0.60909,0.26752,0.41596,1.05677,0.98891,1,0.995,0.89096,0.98891,1,0.995,0.90177,0.53009,0.44248,0.17673,0.38593,0.97223,0.00134,0.00134,0.00134
22,445.791,0.60018,0.6211,0.2676,0.41316,1.05438,0.9976,1,0.995,0.92326,0.9976,1,0.995,0.8808,0.44533,0.49032,0.17488,0.31345,0.91316,0.001307,0.001307,0.001307
23,465.6,0.56845,0.62989,0.2647,0.40062,1.04412,0.99759,1,0.995,0.92027,0.99759,1,0.995,0.78008,0.46662,0.69715,0.15384,0.35542,0.94315,0.001274,0.001274,0.001274
24,483.603,0.55809,0.58394,0.24349,0.39385,1.041,0.99791,1,0.995,0.91309,0.99791,1,0.995,0.89011,0.48136,0.61476,0.15009,0.33307,0.91846,0.001241,0.001241,0.001241
25,502.363,0.54765,0.54575,0.24024,0.38991,1.03045,0.99781,1,0.995,0.90496,0.99781,1,0.995,0.9239,0.45974,0.44797,0.16272,0.30416,0.91556,0.001208,0.001208,0.001208
26,521.163,0.55134,0.56373,0.23911,0.3874,1.04318,0.99801,1,0.995,0.93371,0.99801,1,0.995,0.94484,0.41337,0.32975,0.13682,0.2825,0.88901,0.001175,0.001175,0.001175
27,539.138,0.56623,0.58106,0.22734,0.39623,1.04457,0.99779,1,0.995,0.9352,0.99779,1,0.995,0.95294,0.41721,0.34363,0.1333,0.28673,0.87681,0.001142,0.001142,0.001142
28,559.028,0.55413,0.57973,0.22491,0.38777,1.02482,0.9975,1,0.995,0.90982,0.9975,1,0.995,0.89283,0.43243,0.45381,0.19356,0.32505,0.88348,0.001109,0.001109,0.001109
29,577.153,0.5497,0.58566,0.22109,0.37766,1.03668,0.9289,1,0.98886,0.87623,0.79106,0.85185,0.7837,0.64279,0.49203,1.0658,0.1476,0.34459,0.90691,0.001076,0.001076,0.001076
30,595.279,0.53731,0.55923,0.22351,0.37803,1.0386,0.99773,1,0.995,0.95016,0.99773,1,0.995,0.84568,0.37534,0.56505,0.2845,0.29201,0.85361,0.001043,0.001043,0.001043
31,614.504,0.52786,0.56723,0.21382,0.37041,1.01914,0.99806,1,0.995,0.9247,0.99806,1,0.995,0.93611,0.42937,0.37248,0.14234,0.29528,0.91485,0.00101,0.00101,0.00101
32,632.394,0.50952,0.49931,0.21152,0.36492,1.01561,0.99806,1,0.995,0.92309,0.99806,1,0.995,0.94137,0.44444,0.32466,0.13785,0.28435,0.88604,0.000977,0.000977,0.000977
33,650.62,0.5052,0.45063,0.20536,0.35632,1.02067,0.99839,1,0.995,0.91806,0.99839,1,0.995,0.89108,0.40544,0.38902,0.13464,0.28315,0.87414,0.000944,0.000944,0.000944
34,669.255,0.50349,0.45252,0.20095,0.34913,1.00696,0.99811,1,0.995,0.93563,0.99811,1,0.995,0.9585,0.40247,0.30317,0.12953,0.27951,0.87617,0.000911,0.000911,0.000911
35,687.345,0.52482,0.49032,0.19875,0.36738,1.01327,0.99841,1,0.995,0.91968,0.88734,0.88889,0.84004,0.71463,0.4133,0.72656,0.12887,0.29445,0.90274,0.000878,0.000878,0.000878
36,706.668,0.5,0.44164,0.19027,0.35271,1.007,0.99838,1,0.995,0.92837,0.99838,1,0.995,0.88408,0.39428,0.34492,0.15348,0.31036,0.85412,0.000845,0.000845,0.000845
37,724.272,0.4711,0.43366,0.1913,0.34045,0.99425,1,1,0.995,0.93965,1,1,0.995,0.77083,0.364,0.50287,0.14417,0.2734,0.82127,0.000812,0.000812,0.000812
38,742.434,0.47276,0.43018,0.18492,0.33592,1.00424,0.99819,1,0.995,0.92031,0.99819,1,0.995,0.90334,0.4108,0.38389,0.11698,0.28584,0.84668,0.000779,0.000779,0.000779
39,762.145,0.46326,0.40021,0.19087,0.32477,0.99172,0.99815,1,0.995,0.9391,0.99815,1,0.995,0.95164,0.41635,0.28731,0.11464,0.27685,0.87278,0.000746,0.000746,0.000746
40,780.35,0.45742,0.40602,0.18401,0.31877,0.9865,0.99813,1,0.995,0.94429,0.99813,1,0.995,0.95463,0.36778,0.31233,0.13537,0.25585,0.83004,0.000713,0.000713,0.000713
41,799.416,0.45079,0.40726,0.18101,0.32109,0.9917,0.99813,1,0.995,0.94169,0.99813,1,0.995,0.91473,0.35846,0.29338,0.12611,0.25467,0.83579,0.00068,0.00068,0.00068
42,818.096,0.46205,0.36436,0.18018,0.321,0.99076,0.99795,1,0.995,0.94851,0.99795,1,0.995,0.92937,0.38671,0.36816,0.11193,0.2832,0.8414,0.000647,0.000647,0.000647
43,836.29,0.45645,0.39422,0.18412,0.32153,0.98683,0.99799,1,0.995,0.93683,0.99799,1,0.995,0.91373,0.39069,0.3965,0.13992,0.2692,0.84177,0.000614,0.000614,0.000614
44,855.301,0.45984,0.36704,0.17835,0.32241,0.99257,0.99827,1,0.995,0.9168,0.99827,1,0.995,0.88998,0.38844,0.39528,0.10902,0.28683,0.86064,0.000581,0.000581,0.000581
45,873.216,0.4406,0.35763,0.17164,0.31075,0.97625,0.99809,1,0.995,0.93374,0.99809,1,0.995,0.97129,0.41469,0.24742,0.12065,0.24813,0.86194,0.000548,0.000548,0.000548
46,891.114,0.43517,0.35171,0.17669,0.30195,0.98662,0.99814,1,0.995,0.94279,0.99814,1,0.995,0.94643,0.35252,0.27145,0.10335,0.24718,0.82714,0.000515,0.000515,0.000515
47,909.93,0.41356,0.33967,0.16639,0.30314,0.96896,0.99792,1,0.995,0.95707,0.99792,1,0.995,0.90997,0.3406,0.305,0.13496,0.22645,0.81204,0.000482,0.000482,0.000482
48,927.648,0.41203,0.35934,0.17373,0.29311,0.96552,1,1,0.995,0.96546,1,1,0.995,0.93915,0.32824,0.27978,0.12608,0.22141,0.80463,0.000449,0.000449,0.000449
49,945.389,0.41452,0.33813,0.16673,0.29358,0.96556,0.99818,1,0.995,0.96382,0.99818,1,0.995,0.94163,0.34179,0.24129,0.11197,0.24002,0.80359,0.000416,0.000416,0.000416
50,964.207,0.40466,0.34209,0.17113,0.28486,0.96956,0.99822,1,0.995,0.9498,0.99822,1,0.995,0.93579,0.38777,0.2892,0.1086,0.2486,0.84219,0.000383,0.000383,0.000383
51,983.377,0.27496,0.24186,0.09153,0.1954,0.88386,0.9982,1,0.995,0.94446,0.9982,1,0.995,0.90254,0.33656,0.32628,0.10071,0.23874,0.79787,0.00035,0.00035,0.00035
52,1000.12,0.27084,0.22968,0.08109,0.18951,0.88436,0.99814,1,0.995,0.93673,0.99814,1,0.995,0.97501,0.36411,0.22677,0.09986,0.25582,0.81628,0.000317,0.000317,0.000317
53,1016.85,0.25385,0.22562,0.08069,0.17735,0.87686,0.99822,1,0.995,0.93226,0.99822,1,0.995,0.93567,0.38444,0.26979,0.08752,0.23704,0.84701,0.000284,0.000284,0.000284
54,1032.91,0.24426,0.20923,0.07395,0.17568,0.86627,0.99816,1,0.995,0.94066,0.99816,1,0.995,0.97536,0.36651,0.22379,0.0911,0.23226,0.81917,0.000251,0.000251,0.000251
55,1048.98,0.23899,0.20567,0.0735,0.17589,0.85738,0.99819,1,0.995,0.97079,0.99819,1,0.995,0.9836,0.34564,0.20404,0.08638,0.22143,0.78947,0.000218,0.000218,0.000218
56,1065,0.23778,0.19805,0.07104,0.17039,0.8703,0.99816,1,0.995,0.96462,0.99816,1,0.995,0.98078,0.34663,0.16925,0.09208,0.21096,0.80376,0.000185,0.000185,0.000185
57,1082.22,0.22169,0.19173,0.07008,0.16093,0.85363,0.99816,1,0.995,0.94937,0.99816,1,0.995,0.98387,0.35176,0.17552,0.09096,0.20058,0.80928,0.000152,0.000152,0.000152
58,1098.31,0.2205,0.19068,0.07283,0.16105,0.86205,0.99817,1,0.995,0.95081,0.99817,1,0.995,0.98715,0.33068,0.14804,0.0853,0.1966,0.79335,0.000119,0.000119,0.000119
59,1114.21,0.2112,0.1744,0.06477,0.15158,0.85424,0.99812,1,0.995,0.94518,0.99812,1,0.995,0.995,0.32898,0.13721,0.08467,0.20073,0.79385,8.6e-05,8.6e-05,8.6e-05
60,1130.13,0.21433,0.1786,0.06671,0.15356,0.84725,0.99811,1,0.995,0.96004,0.99811,1,0.995,0.98731,0.32202,0.14176,0.08529,0.19036,0.78993,5.3e-05,5.3e-05,5.3e-05
